date,MMM,ABT,ABBV,ABMD,ACN,ATVI,ADBE,AMD,AAP,AES
2016-01-04,140.40021840751,40.930492669207,53.45328673718701,85.24,97.85388956978201,37.09447081280242,91.97,2.77,151.77489213200002,8.6806762487709
2016-01-05,141.01223407146003,40.920958429126,53.230603369422,85.0,98.363194897013,36.621176129385475,92.34,2.75,150.73806943221,8.8003462288707
2016-01-06,138.17209888095,40.577725786198,53.239881843079004,85.3,98.171004207492,36.2760654227273,91.02,2.505,146.7502898176,8.4965685870791
2016-01-07,134.80601272924,39.605233297901,53.082147790913,81.92,95.288143864672,35.76332951569229,89.11,2.275,148.37531001055,8.2848447761335
2016-01-08,134.34700098126999,38.775754410824,51.634705900442,84.58,94.36562855497,35.211152385039185,87.85,2.14,145.11530017561,8.4045147562332
2016-01-11,134.31831274703,38.832959851312,49.992416063177004,85.0,95.35541060600401,35.70416768026517,89.38,2.34,146.60074808205,8.3124609253872
2016-01-12,134.70082253699,39.52895937725,50.883149534236004,88.32,97.065907742744,36.60145551757644,89.82,2.39,147.61763188377,8.0547101990186
2016-01-13,132.65439516067,38.651809289766,48.016101174265,85.81,95.384239209433,34.37302638315504,88.3,2.25,141.72568750319,7.953450985088099
2016-01-14,135.00683036897,39.438663401424996,51.187152795387,87.88,97.90193724216199,34.90548290199909,89.8,2.21,140.88825378412,8.146764029864599
2016-01-15,132.62570692642,38.901299617853,53.795295844712,87.41,95.39384874390899,34.42232791267762,89.17,2.03,143.84918014797,7.8613971542422
2016-01-19,132.33882458395001,38.795746017508996,51.590570605174996,86.25,97.421460518359,34.6589752543861,89.18,1.95,144.17817196618,8.0270940497649
2016-01-20,130.97135208481,38.344744270583,53.617041463643,83.17,95.192048519911,34.22512179458724,87.94,1.8,142.95192973468,7.935040218918901
2016-01-21,131.73637166475,37.884146741807,54.752240416766995,82.94,94.452114365254,34.07721720601945,88.0,2.09,143.36067714518,8.386103990063999
2016-01-22,133.4194147406,38.411914743529,55.193185464673995,86.68,98.2478804833,35.4182188090341,89.63,2.02,143.98875243448,8.441336288571499
2016-01-25,131.55467951451,38.056870815098,55.024312893135004,89.29,97.77701329397301,34.24484240639628,86.77,2.12,144.27786645653998,8.0455048159341
2016-01-26,138.44941847867,38.536659907571995,54.658422321467,86.62,98.526556983106,34.80687984295389,86.89,2.07,151.00724455619,8.3216663084718
2016-01-27,139.18574982436002,38.834129144906996,53.579514225523994,83.35,97.978813517971,33.594062216697985,84.85,2.13,151.05709180136998,8.3584878408102
2016-01-28,140.87835564497,35.226115169497,52.39740622475001,81.77,99.05508137929,33.31797365137145,84.52,2.08,148.10613488656,8.4321309054869
2016-01-29,144.39744571267,36.320034300338996,51.506134319405,85.33,101.41902686040001,34.33358515953696,89.13,2.2,151.58547260031,8.846373144293599
2016-02-01,142.2267026546,36.895781211309,51.027662033378,85.46,102.13013241163,34.18568057096916,89.61,2.14,154.41679612668,8.809125257370301
2016-02-02,141.40430660617,36.348821645888,50.614862414061,84.48,99.76618693051901,32.95314233290423,87.95,1.99,151.39605306862,8.6508217379461
2016-02-03,145.85098291454,36.483162591781,53.326205368215,84.81,98.11334700063499,32.657333155768626,87.99,2.07,147.4880290463,9.0791724375645
2016-02-04,146.73075543147,36.473566809931,53.251150891975,92.0,98.718747672628,31.493817059035333,86.36,2.09,147.39830400497,9.125732296218699
2016-02-05,146.75944366571002,35.897819898961004,49.836172223074996,81.53,95.105562709627,30.103513926498085,79.2,1.98,143.50024943168998,9.0791724375645
2016-02-08,147.17064168993,35.945798808209,49.620390603886,71.16,91.35784426396098,28.318798557780053,74.94,1.93,141.0178566216,8.7905013139086
2016-02-09,147.97391224886002,35.504392843132,50.173917366153,71.0,89.67617573064899,28.407541310920724,73.85,1.9,141.06770386678002,8.8556851160245
2016-02-10,146.84550836846,35.705904261971,49.460899841877,72.38,90.531424299019,29.72882230212634,75.53,1.84,138.14665529908,8.8743090594861
2016-02-11,145.13094618482,34.871071241065,48.95428212726,72.77,89.781880609886,30.093653620593567,74.94,1.86,137.9871441145,8.3807745577518
2016-02-12,148.29999651301,35.629138007175,49.329554508458,73.03,91.002291488347,27.727180203508876,76.67,1.83,140.33993408711,8.539078077176
2016-02-16,149.81227888846,36.454375246232,50.20206279474301,78.36,93.125998607557,29.009019971096414,78.88,1.83,145.55395593321,8.7346294835236
2016-02-17,150.86220741665002,36.895781211309,51.609334224235,77.45,95.14400084753099,29.038600888809967,81.85,1.9,142.97186863276002,8.9581168050636
2016-02-18,151.01632536574,36.761440265416,51.177770985857,79.51,94.67313365820401,28.47656345225236,80.53,1.91,142.88214359143,9.032612578910301
2016-02-19,150.69845709574,36.972547466105,50.93384393807901,81.32,95.086343640675,29.768263525744423,80.87,1.91,143.19119651156,8.762565398716099
2016-02-22,151.90250357301,37.577081722623,51.862643081543,82.45,96.431678467324,31.079684211045517,83.8,2.01,147.41824290303998,9.1164203244878
2016-02-23,150.42875068483,36.838206520212005,51.665625081415,82.07,95.759011053999,30.300720044588473,83.07,1.97,147.09922053388001,8.9208689181403
2016-02-24,151.44014972573999,37.615464850021,51.496752509875,80.89,95.662915709239,31.267030023231392,83.42,2.02,149.96045240736,9.3399076460279
2016-02-25,153.14507953756,38.028083469548996,52.725769558298,82.0,96.96981239798401,31.86850868340707,86.68,2.03,149.62149114011999,9.2840358156429
2016-02-26,152.45154876665,37.922529869205,52.538133367700006,80.65,97.171612621981,31.44451552951274,86.6,2.07,149.59158279301002,9.1909160983345
2016-02-29,151.1030167121,37.174058884944,51.234061843037004,80.01,96.345192657039,31.227588799613308,85.15,2.14,147.98650149813,9.125732296218699
2016-03-01,153.72302184665,37.740210014064004,52.857114891718,83.99,99.410634154904,31.76004531845736,88.37,2.18,152.88150097506,9.4237153916054
2016-03-02,153.54963915392,37.749805795914,52.256679081801,82.21,98.651480931295,31.56283920036697,88.39,2.32,151.70510598875,9.5727069392988
2016-03-03,153.52074203847,37.25082513974,52.47246070099,83.06,98.78601441396,31.079684211045517,87.21,2.46,153.40988177398998,9.731010458723
2016-03-04,154.18537569392998,37.596273286321995,52.678860510649,84.0,99.151176724051,30.75429411619637,86.18,2.37,151.90449496948,10.047617497571
2016-03-07,154.66699428484,37.596273286321995,52.913405748897,85.18,98.401633034917,30.547227692201467,85.11,2.47,151.05709180136998,10.14073721488
2016-03-08,154.31059652756,37.586677504472,51.900170319663,84.25,98.613042793391,30.35002157411107,84.35,2.3,149.22271317865,9.889313978147198
2016-03-09,154.20464043756002,37.692231104817,52.904023939367,87.4,99.362586482524,30.428904021347225,85.27,2.26,153.30021783459,9.777570317377199
2016-03-10,154.0119930012,37.45233655858,52.753914986888,85.98,99.535558103093,30.81345595162349,84.85,2.26,155.67294670528,10.066241441033
2016-03-11,155.92883499302,38.738171326412,54.16118641638,87.66,101.55356034306999,31.079684211045517,86.0,2.52,158.08555337212,10.159361158341
2016-03-14,155.86140839029,38.862916490455,53.673332320823,88.21,102.16857054954001,31.95725143654775,87.01,2.72,158.85320094793002,10.205921016996
2016-03-15,156.43935069938,38.287169579486,52.181624605562,87.34,102.88928563524,32.026273577879394,86.83,2.49,158.09552282116002,10.215232988726
2016-03-16,156.90170454666,38.555851471271,52.828969463128004,85.67,103.388981428,32.33194306091949,88.17,2.63,158.53417857877,10.606335801422
2016-03-17,157.73008852302,38.661405071616,51.900170319663,85.57,104.32110627216998,32.144597248733625,89.96,2.8,157.51691095074,10.736703405653
2016-03-18,159.2520032703,39.141194164091,53.072896510906,87.53,103.56195304855999,31.750185012552844,93.42,2.93,157.04816998489,10.820511151231
2016-03-21,158.78001705121,39.112406818542,52.547515177229,88.88,103.93672489312999,31.59242011808053,92.5,2.8,158.18511615738998,10.746015377384
2016-03-22,158.84744365393,39.371492928479,53.945404797191,93.5,103.61961025542,32.085435413306506,92.56,2.79,157.76624125173,10.746015377384
2016-03-23,158.23097185757,39.131598382241,52.875878510778,91.54,103.45624816933001,32.124876636924576,92.16,2.68,160.65847274316002,10.522528055844
2016-03-24,158.41398692212,39.102811036693,52.650715082059,90.6,109.83697906144,31.76004531845736,92.52,2.79,161.38651722204,10.773951292577
2016-03-28,160.16707859303003,39.227556200736,52.641333272529,90.48,109.71205511325,31.947391130643233,92.4,2.78,161.32667794981,10.624959744883
2016-03-29,158.34656031939,39.793707329856,53.523223368344,93.11,110.75949437113998,33.04079904115062,93.22,2.86,162.59327587881,10.848447066422999
2016-03-30,160.61980006848,39.966431403147,53.476314320694,93.03,110.86519925038,33.865825009988015,93.78,2.86,163.35123999381,10.820511151231
2016-03-31,160.50421160666,40.139155476438,53.588896035054,94.81,110.8940278538,33.63720335597284,93.8,2.85,159.91048184021002,10.988126642386
2016-04-01,161.3711250703,40.48460362302,53.870350320952,96.58,111.80693362903,34.213727526967645,95.16,2.83,159.99026753652,10.773951292577
2016-04-04,160.28266705485,40.609348787063,55.549694226812,95.7,110.99012319856001,34.024866160607274,94.5,2.83,158.80345530383002,10.578399886229
2016-04-05,159.71435711757,40.340666895278,54.921112988306,95.14,109.67361697534001,33.50798242109469,94.17,2.76,160.04013359671998,10.308352706035
2016-04-06,160.67759429939,41.309840862076996,56.187657274849,97.22,110.19253183705,33.79624450659209,95.4,2.8,159.45171408639,10.317664677766
2016-04-07,161.01472731303002,40.887626460699,55.634130512582,95.64,107.7228814767,33.219720335597295,93.78,2.64,155.41256321042,10.112801299687
2016-04-08,160.50421160666,40.657327696311,54.855440321596,96.25,108.42437749345,33.766424290850985,94.07,2.74,155.69181314753,10.205921016996
2016-04-11,160.46568211938998,40.762881296655,54.88358575018601,95.1,108.68383492430999,33.20978026368358,92.95,2.76,154.35540273425,10.261792847381
2016-04-12,161.85274366121,41.089137879538,56.187657274849,96.18,109.92346487171999,33.2793607670795,93.42,2.81,156.08076841706998,10.392160451612
2016-04-13,162.39215648303002,41.847204645648,55.94373022707,98.57,111.52825712922,34.9492928485817,94.53,2.8,160.0600800208,10.457344253728
2016-04-14,161.97796449485,42.001657996128,56.152122043019,97.37,111.32452597058001,34.700791050739106,94.44,2.72,160.50887456256999,10.466656225459
2016-04-15,162.57517154758003,41.905124652078,56.369986214239,98.22,111.3924363568,34.362828605673194,95.16,2.7,160.75820486356,10.47596819719
2016-04-18,163.31686417758002,42.426404709948,56.720463359244,101.17,112.13945060514,35.227614862165396,96.55,2.76,160.50887456256999,10.531840027575
2016-04-19,163.41318789576,42.329871365898,56.995161662086,100.38,111.66407790165,34.998993208150225,96.52,2.62,160.35927638198,10.708767490461
2016-04-20,162.72928949667,42.445711378758,57.288804675468995,101.64,112.09094318642,35.03875349580504,96.33,2.7,157.96570549252,10.494592140651
2016-04-21,162.45958308576002,42.358831369113,58.131844294536,102.12,111.06258590948,34.97911306432281,96.37,2.62,156.70908077555,10.345600592958
2016-04-22,162.45958308576002,42.551898057213,58.17920607088801,101.83,110.54840727101002,34.442349180982816,94.79,3.99,157.97567870456,10.410784395074
2016-04-25,162.18987667485,42.484324716378005,57.75295008371899,102.3,110.69392952718,34.710731122652824,95.8,3.45,156.96838428858,10.243168903918999
2016-04-26,160.07075487485,42.358831369113,57.715060662637995,102.03,111.18870519816002,34.998993208150225,96.15,3.66,157.85600016008001,10.438720310266
2016-04-27,161.59266962211998,42.310564697088,57.497196491418,102.05,112.03273428395,34.16402716739912,95.64,3.73,158.84334815199,10.597023829691
2016-04-28,160.86060936394,39.018777664985,57.970814254939,99.94,110.91706365331001,33.69684378745505,93.64,3.61,155.45245605858,10.457344253728
2016-04-29,161.22663949303,37.551470835426,57.781367149531,97.14,109.5491544453,34.26342788653616,94.22,3.55,155.68183993549,10.494960599965
2016-05-02,162.15134718758,37.503204163401,58.19815078142901,99.26,110.98497403952,34.3727686775869,94.9,3.74,155.04355436497,10.626617811792
2016-05-03,161.7949494303,37.213604131251,58.510738505352,98.9,109.91781082760001,33.90558529764283,93.66,3.6,155.59208102713,10.466748340287
2016-05-04,161.01472731303002,36.779204083027004,58.21709549196999,94.89,110.16034792122,34.07456652017579,92.94,3.6,155.42253642246,10.494960599965
2016-05-05,161.60230199394,37.165337459225995,59.050662755766,94.77,110.67452655969,34.700791050739106,93.5,3.66,148.34155587446998,10.410323820933
2016-05-06,162.68112763758,36.653710735762,59.211692795363,94.94,112.10064467016001,37.64305233719536,94.3,3.68,150.11678761749,10.419727907492
2016-05-09,162.3247298803,36.663364070167,60.338903072543005,96.41,112.0230328002,36.92736715940871,94.61,3.65,151.12408203347,10.494960599965
2016-05-10,164.00076257666998,36.779204083027004,60.376792493624,96.75,113.44915091068,36.19180183779464,96.52,3.64,151.88204614847,10.767679110179
2016-05-11,163.52877635758,36.692324073382004,59.391667545501,96.1,112.51780847118,36.887606871753896,96.1,3.65,147.73318994006002,10.64542598491
2016-05-12,163.89480648667,36.682670738976995,59.192748084822,94.27,112.88646485347999,37.68281262485018,95.96,3.59,149.59818059143998,10.598405552115
2016-05-13,162.13208244394,36.296537362777,58.728602676571995,94.08,111.99392834896999,38.06053535757092,95.97,3.67,145.17007444593,10.494960599965
2016-05-16,163.31686417758002,36.924004099101,59.154858663740995,96.42,113.65288206931999,39.153943268078315,97.23,3.79,147.74316315209998,10.447940167169
2016-05-17,161.64083148121,36.402724041232,57.070940504249,94.13,112.75064408106,37.891554135037964,95.93,3.79,143.6940390641,10.363303388137
2016-05-18,161.75641994303,36.441337378852,57.269859964927996,95.06,113.0416885934,38.23945665201758,96.7,3.84,143.42476233903,10.090584877923
2016-05-19,160.0983245222,35.949017324197,56.152122043019,95.36,112.56631588991002,37.57347183379944,95.88,3.77,143.15548561397,10.099988964482
2016-05-20,160.00135987771003,36.296537362777,56.540488609106,97.28,112.99318117468,37.30508989212945,96.88,3.87,145.9978510452,10.241050262869
2016-05-23,161.06797096713,36.074510671462,56.17106675356,96.99,112.71183814608,37.50389133040351,96.62,4.04,145.47924401915,10.099988964482
2016-05-24,163.51148000835,36.663364070167,57.497196491418,99.62,115.56407436702,38.78616060727128,99.63,4.2,148.93994859683997,10.259858435987
2016-05-25,164.83019917346002,37.339097478516,57.98975896548,98.94,115.01108979358,38.71658010387536,99.61,4.18,153.11872444136003,10.316282955342
2016-05-26,163.78298101293,37.541817501021,58.633879123868,98.8,114.87526902115,38.860711146624055,99.37,4.35,156.2403398097,10.241050262869
2016-05-27,163.76358808403,37.937604211626,59.401139900771,99.74,115.38944765962,39.1042429085098,100.14,4.6,155.89127738832,10.447940167169
2016-05-31,163.21088961042,38.256164246991,59.609531716721,99.31,115.41855211084999,39.02472233320015,99.47,4.57,153.42789401458,10.429131994051
2016-06-01,163.56965879505,38.130670899726,59.514808164015996,101.58,115.45735804583,38.41837794646425,100.04,4.43,152.92923341261002,10.288070695664
2016-06-02,162.93938860584,38.159630902941,61.65556045513001,101.87,115.68049217196001,38.458138234119055,100.17,4.24,151.74242117991002,10.194029830073001
2016-06-03,163.26906839712,37.821764198766,61.570309257695996,101.81,115.35064172463998,37.58341190571315,98.7,4.16,150.30627864623997,10.551385119319
2016-06-06,164.9174673535,37.812110864361,59.505335808746004,101.89,116.02974558677,37.53371154614463,99.12,4.47,149.83753768038,10.711254590824
2016-06-07,165.72227390279,37.580430838641,59.770561756317996,104.31,116.07825300549,37.901494206951654,98.52,4.51,151.30359985018,10.824103629533
2016-06-08,166.2167935897,37.561124169831,58.472849084271004,104.37,115.75810404191999,37.891554135037964,98.68,4.46,153.10875122931998,10.748870937060001
2016-06-09,164.96594967575,37.522510832211,57.54455826776999,104.31,115.87452184686,38.309037155413506,98.07,4.52,156.36001835417,10.75827502362
2016-06-10,163.44360475721,37.068804115176,57.781367149531,102.53,114.73944824872,37.54365161805834,97.09,4.32,152.61009062735002,10.532576946201
2016-06-13,162.05701034096,36.547524057307,56.767825135596,101.77,113.5849716831,37.404490611266496,96.96,4.4,152.14134966148998,10.504364686524001
2016-06-14,162.52244063452,36.354457369207,56.73940806978501,102.03,114.56482154132,38.17981622053536,96.98,4.39,152.22113535781,10.457344253728
2016-06-15,162.70667345906,36.132430677891996,57.213025833306,103.09,113.94392658166001,38.10029564522573,97.02,4.42,153.28826904603,10.400919734373
2016-06-16,164.77202038676,36.200004018727,57.686643596826,100.72,114.76855269996,38.796100679184974,97.19,4.75,153.58758225036001,10.589001465556
2016-06-17,163.81207040628001,36.093817340272004,56.843603977758995,99.23,114.06034438658999,37.85179384738314,95.58,5.26,154.19618576584,10.918144495123999
2016-06-20,166.03256076517,36.441337378852,56.938327530464,101.72,115.49616398081001,38.458138234119055,97.99,5.1,155.22382776738002,11.143842572543
2016-06-21,166.16831126746,36.422030710042,56.815186911948004,101.76,115.86482036311001,38.42831801837794,99.72,5.45,154.08643759091999,11.294307957489
2016-06-22,166.03256076517,37.397017484946,57.203553478035005,101.7,115.47676101331999,38.09035557331203,94.01,5.02,152.80936791909,11.275499784371
2016-06-23,168.82514252656,38.256164246991,58.075010162912996,104.25,115.36034320838999,38.68675988813424,96.21,5.21,154.57531582466,11.378944736521001
2016-06-24,163.98660676637,36.595790729332,56.701518648703,100.37,108.12303633483,36.75838593687575,92.2,4.88,154.1662544454,11.181458918778999
2016-06-27,162.11518912764998,35.669070626452,55.583780726794004,101.23,106.02751584597,35.93335996803835,90.85,4.72,153.42794854138,10.730062763942
2016-06-28,164.44234059548,36.257924025156996,56.824659267219,105.09,107.25960428155001,36.95718737514982,92.46,5.12,156.62062272094,11.087418053188
2016-06-29,166.3137582342,37.232910800061,58.548627926434,108.16,108.42378233091999,37.792153415900934,94.39,5.13,160.64139676582,11.313116130607
2016-06-30,169.80448543594,37.947257546031,58.643351479138005,109.29,109.90810934385999,39.392504994007204,95.79,5.14,161.25997738811,11.736300025767
2016-07-01,170.21173694281,38.169284237346,59.401139900771,110.17,110.13124346998998,39.37262485017979,95.32,5.07,163.95379622711002,11.59523872738
2016-07-05,170.29900512285,38.072750893295996,58.652823834409,109.83,109.72378115271,39.909388733519776,94.73,4.96,160.82098468842,11.472985602112
2016-07-06,169.84327129373997,39.41456437559,60.026315348619,111.44,110.13124346998998,40.2672313224131,95.18,5.04,161.08038946551,11.501197861789
2016-07-07,169.56207382471,39.926191099054996,60.083149480241005,113.53,109.33572180291999,40.14795045944866,95.14,5.02,160.76112204755,11.378944736521001
2016-07-08,171.7437783258,40.437817822519,60.774631414982004,114.15,111.67377938538999,41.04255693168199,96.79,5.1,164.47260578128999,11.585834640821
2016-07-11,172.60676366178,40.659844513834,60.95460616511999,115.94,112.01333131646001,41.94710347582901,97.14,5.01,163.3152613912,11.802128631681
2016-07-12,173.72185707345002,40.997711218009,62.043927021217,117.76,113.02228562591002,42.40434678385937,97.54,5.14,163.17558189584,11.736300025767
2016-07-13,173.7703393957,40.766031192289,61.892369336891,117.505,113.34243458949,41.857642828605684,97.34,5.09,162.53704705993,11.877361324152998
2016-07-14,175.40904188763,41.067138403859,60.79346205362,117.78,113.28422568702,41.599200958849394,97.7,5.17,164.58235395621,11.773916372002999
2016-07-15,175.89386511009,40.892301958431,60.506790588419,117.14,111.65437641791,41.94710347582901,97.83,5.14,164.2132010042,11.877361324152998
2016-07-18,175.61266764106003,40.882588822574,60.736127760580004,117.47,110.73273546216002,41.88746304434679,97.79,5.51,164.02363597478998,11.820936804798999
2016-07-19,175.7387216789,40.600907882718,60.506790588419,116.59,109.98572121381001,41.27117858569717,97.79,5.41,163.32523849801,11.764512285443999
2016-07-20,175.91325803899,41.426524430572,60.592792027979,118.24,112.00362983271002,41.13201757890532,98.4,5.41,163.37512403206998,11.811532718239999
2016-07-21,174.78846816286998,41.805336729000004,61.051466372301,116.01,109.0058713556,41.02267678785458,96.34,5.22,163.71434566365,11.839744977916999
2016-07-22,174.96300452296,41.931607495142,60.975020648247,116.25,109.49094554283,41.19165801038753,98.06,5.84,165.649904385,11.896169497272
2016-07-25,174.17759090257,42.164722755713,61.462362139089,114.62,109.69467670146999,42.14590491410308,97.32,6.7,166.28843922091002,11.91497767039
2016-07-26,172.26738740606004,42.349272336998,61.586586440676,114.27,110.84915326709,41.31093887335199,97.91,6.98,165.84944652122,11.858553151034998
2016-07-27,172.85887173746997,42.417264287998,62.016593638478,115.97,110.31557166113001,40.644954055133844,97.93,6.85,164.35288049956,11.632855073617
2016-07-28,172.57767426843998,43.174888884852,61.844590759357004,115.03,108.73422981075001,40.02866959648423,98.44,6.82,169.95003742058998,11.623450987058
2016-07-29,172.94613991750998,43.466282960565,63.287503800869,117.97,109.44243812411,39.91932880543348,97.86,6.86,169.47113629366,11.718336301238
2016-08-01,172.87826466636002,43.990792296849,63.965959601844,119.5,109.51034851032,39.82986815821016,97.72,6.64,168.11424976735,11.547542735713
2016-08-02,172.94613991750998,43.777103307993,63.813068153737,118.91,109.4618410916,39.51178585697164,96.05,6.26,166.22857658005,11.557031267131
2016-08-03,172.96553284641,43.660545677707994,63.612398128096,118.58,110.21855682369,40.13801038753496,96.67,6.3,168.26390636952,11.765778958328
2016-08-04,172.41283437279998,43.524561775708,63.163279499282,121.41,110.31557166113001,40.58531362365162,97.09,6.47,169.79040371162,11.775267489746001
2016-08-05,173.14976567093998,43.961652889278,63.583730981576004,120.25,111.17900371441002,40.316931681981636,99.04,6.61,170.09969402276002,11.604473924221999
2016-08-08,173.15946213539,43.728537628707,63.392616671442006,120.26,110.2864672099,40.36663204155014,98.49,6.68,168.49337982616998,11.557031267131
2016-08-09,172.97522931086002,43.78681644385,63.793956722724,123.33,109.51034851032,41.00279664402717,98.87,6.6,166.11882840511998,11.452657421533
2016-08-10,173.39217728218003,43.524561775708,63.478618111003,123.46,109.84019895764,40.853695565321615,100.62,6.49,166.26848500728997,11.557031267131
2016-08-11,175.50600653211998,43.757677036279,63.975515317351,124.09,110.00512418129999,41.06243707550939,101.67,6.58,166.32834764816002,11.61396245564
2016-08-12,174.79816462731998,43.747963900422,64.20485248951199,123.69,109.65587076649,40.89345585297643,101.04,6.73,165.61997306457,11.594985392804
2016-08-15,175.07936209635,43.85480839485,64.39596679964599,123.39,110.20885533994,41.23141829804235,100.93,6.95,167.37594386333,11.471634484368998
2016-08-16,173.80912525349999,43.631406270136004,63.774845291709994,122.46,109.60736334777,39.074422692768685,100.6,6.78,160.03279325033998,11.386237701607001
2016-08-17,175.48661360321998,43.398291009566,63.860846731271,121.76,109.55885592905001,39.64100679184978,99.7,6.68,157.68817314973,11.651916581312001
2016-08-18,174.81342872867,43.087470662138,63.80351243823001,121.52,108.99616987185,39.78016779864164,100.67,7.04,157.06959252744,11.860664272507998
2016-08-19,175.23294973744999,42.970913031853,64.118851049951,121.43,109.67527373398,39.74040751098681,100.32,7.62,157.67819604292,11.594985392804
2016-08-22,174.70610940084,42.902921080853,64.032849610391,120.67,110.36407907986,39.879568517778665,100.24,7.58,158.1072116358,11.66140511273
2016-08-23,175.38905057793,42.640666412711,63.230169507827995,121.07,112.03273428395,40.39645225729125,101.14,7.67,157.57842497481002,11.557031267131
2016-08-24,175.03782368685,41.931607495142,62.169485086585,117.4,111.14989926318,40.42627247303236,101.14,7.43,159.99288482309998,11.462145952951
2016-08-25,175.20368082986,41.611074011858,61.844590759357004,116.94,111.60586899918002,40.74435477427088,101.69,7.465,159.8132969005,11.490611547205
2016-08-26,175.03782368685,41.747057913857,61.739477888783,118.76,111.7610927391,40.803995205753104,102.06,7.67,156.47096611876998,11.405214764442999
2016-08-29,176.10126066259997,42.009312581999005,61.643920733716,120.71,111.42154080803002,41.04255693168199,102.3,7.59,157.30904309091002,11.528565672876999
2016-08-30,175.75979007406002,41.601360876,61.309470690981996,119.34,111.90661499527,41.33081901717939,102.0,7.49,156.30135530298,11.405214764442999
2016-08-31,174.87196654385,40.814596871575,61.252136397941996,117.94,111.5670630642,41.12207750699161,102.31,7.4,157.01970699338003,11.452657421533
2016-09-01,175.59393293105,41.086564675574,61.185246389395,117.63,111.62527196667,41.89740311626049,102.9,7.35,158.39654773331998,11.395726233025
2016-09-02,176.40370604102,40.882588822574,61.271247828955005,117.43,112.20736099135,42.54350779065122,103.57,7.51,158.20698270391,11.604473924221999
2016-09-06,176.06223545248002,40.950580773573996,61.739477888783,117.98,111.91631647901,43.24925289652417,103.5,7.34,159.77338847325,12.18327434072
2016-09-07,175.36953797286998,40.698039241289,62.083483647025005,119.04,111.68348086914,43.120031961646035,103.0,6.84,161.50940505839,12.363556437662
2016-09-08,175.71100856141004,40.649473562004,61.213913535915005,119.87,108.94766245313,43.040511386336405,101.88,6.225,158.50629590824,12.287648186318
2016-09-09,171.35969763312,39.833570150006,60.54501345044599,116.37,107.09467905788999,42.036564123052344,99.38,5.9,152.60982578287,11.699359238402
2016-09-12,173.75974805545,40.231808720148,61.23302496692799,119.34,109.39393070538999,43.19955253695565,100.32,5.94,153.01888716213,11.946061055269999
2016-09-13,171.77921864191,39.474184123293,60.525902019433005,117.38,107.23049983032,43.14985217738713,98.77,5.74,150.83390077049,11.75629042691
2016-09-14,171.34018502806,39.639307432864,60.525902019433005,118.52,106.52229151694999,43.39835397522973,98.79,6.04,150.37495385718,11.689870706984
2016-09-15,172.28654637345002,39.940414644435,60.535457734939,123.17,107.41482802146999,44.322780663204156,99.62,6.02,148.5990288448,11.908106929598
2016-09-16,170.7938320864,40.668899833718,60.459012010886,124.93,106.59990338691,44.15379944067121,98.93,6.05,147.77092897948,11.89861839818
2016-09-19,172.41337830633998,40.484350252432996,60.115006252644996,125.1,107.20139537908001,43.855597283260096,99.68,6.16,148.10017350424,12.050434900868002
2016-09-20,173.27193292896,40.387218893862,60.468567726392,125.1,107.39542505398,43.8655373551738,100.62,6.17,145.55601126741,12.126343152212
2016-09-21,175.21343713238997,40.717465513003,61.252136397941996,126.9,108.36557342844999,44.402301238513786,107.78,6.29,146.05486660796998,12.429976157588
2016-09-22,175.46710099816002,41.008859588717,62.188596517598,126.37,110.26706424241002,44.243260087894534,107.92,6.37,148.86956437216003,12.515372940350002
2016-09-23,173.06705057584,40.979720181145,62.093039362531,123.53,109.71407966896,44.09415900918898,107.47,6.55,148.95939515187,12.581792660276001
2016-09-26,171.66214301155,40.484350252432996,61.223469251422,126.72,110.33497462861999,43.71643627646824,107.26,6.32,149.81777815797,12.448953220423999
2016-09-27,172.00361360008998,41.115704083145,61.701255026757,129.19,112.66333072736,43.945057930483415,109.7,6.54,150.7260671528,12.410999094751999
2016-09-28,173.26217662643,41.076851539716,61.366804984022,129.89,113.16780788208,43.895357570914896,109.49,6.59,148.71984640598,12.477418814678
2016-09-29,171.09627746482,40.251234991862,60.029004813084,128.42,118.00884827068998,43.945057930483415,107.8,6.67,146.46409571553002,12.240205529228001
2016-09-30,171.93531948237998,41.076851539716,60.267897700752,128.58,118.52302690916001,44.034518577706756,108.54,6.91,148.83962077892,12.192762872138
2016-10-03,170.77431948134,41.329393072001,60.420789148858994,127.8,117.25213253860001,43.83571713943269,108.45,6.95,146.66371967043,11.832198678254
2016-10-04,167.49620183133,40.892301958431,60.201007692205,127.37,114.71034379748998,43.8655373551738,108.39,6.97,146.26447176062,11.338795044517
2016-10-05,168.18889931094,41.513942653286,60.573680596966,127.45,114.68123934626001,44.263140231721934,108.8,6.78,148.64997802176,11.253398261754999
2016-10-06,167.45717662121,41.737344778,60.038560528591006,128.5,114.98198534234,43.72637634838195,108.56,6.96,148.43039167136,11.063627633394999
2016-10-07,167.15473124279,41.737344778,60.134117683658,128.47,112.53721143866998,43.65679584498602,108.64,6.75,147.85148220213,10.997207913469
2016-10-10,166.96936149472,42.252140978427,60.497234872913,131.74,113.95362806540001,43.52757491010787,109.24,6.84,147.78161381791,11.073116164813001
2016-10-11,165.54494132537,39.979267187863,59.618109046296,127.58,113.47825536191002,42.642908509788256,107.37,6.5,146.48405811102,10.930788193543
2016-10-12,165.58396653549,40.05697227472,59.035210400388,127.34,114.10885180532,43.0703316020775,108.05,6.62,147.68180184046003,11.073116164813001
2016-10-13,165.87665561139,40.05697227472,58.977342198721,127.71,114.58422450881001,42.901350379544546,108.01,6.49,146.50402050651002,11.130047353320998
2016-10-14,166.17910098981,39.871251807853,58.032161571497,127.06,114.72004528123001,43.42817419097084,107.84,6.75,146.36428373807,10.978230850632999
2016-10-17,166.06202535945,39.675756579573005,58.003227470663006,127.95,113.36183755696999,43.26913304035158,107.49,6.67,143.00062009788,11.111070290485001
2016-10-18,165.80836149368,40.242692741587,59.363130209833,129.07,114.02153845161999,43.91523771474232,108.42,6.73,142.72114656101002,11.262886793173001
2016-10-19,165.76933628356002,39.108820417558,59.247393806499005,127.87,114.50661263885,43.52757491010787,108.39,6.77,141.96257553236,11.500100078623
2016-10-20,165.72055477091,39.822378000783,59.565668915665995,125.27,113.75186095478998,44.054398721534156,109.03,6.96,141.03432414205,11.433680358697
2016-10-21,165.36932787984,39.587783726846,58.813382293998,124.85,113.30097033834,44.273080303635645,109.03,6.52,141.6631396,11.405214764442999
2016-10-24,167.09619342761002,39.49981087412,58.948408097887004,125.61,113.50681170671999,45.19750699161007,110.81,7.005,140.83470018714,11.433680358697
2016-10-25,162.1790169526,39.284766123010996,59.363130209833,121.97,112.98730730081002,44.789964043148224,109.03,7.5,143.53960477613,11.405214764442999
2016-10-26,162.45219342343,39.059946610488,58.851961095109,111.53,113.16374275941999,44.17367958449861,107.97,7.29,143.68932274231,11.386237701607001
2016-10-27,161.7204707337,39.382513737151,59.276327907332,103.32,113.17354472933998,43.45799440671195,107.07,7.11,138.95823501101,11.215444136082999
2016-10-28,161.73022703623002,38.649406631099,55.553473600103,105.13,113.37938609771999,43.06039153016381,107.6,7.2,139.93639239005,11.158512947575
2016-10-31,161.27168081733,38.356163788678,53.798138149544,104.99,113.93809838331998,42.91129045145826,107.51,7.23,139.81661801711002,11.273450419997001
2016-11-01,160.2472690517,38.170443321811,54.44433306815699,105.75,113.84007868409999,42.344706352377145,106.87,7.09,139.52716328249,11.158512947575
2016-11-02,161.69120182611,37.82832667232,54.77225287760199,104.17,116.26116525504,42.344706352377145,105.89,6.76,137.88026565451,10.976528616241
2016-11-03,162.76439510438,37.515534307071,53.904229852600004,102.51,114.63403824785,43.110091889732324,107.17,6.7,138.58893069443002,11.254294174593001
2016-11-04,162.42292451584,38.209542367467,54.048900356767,104.7,114.90849340568998,41.45009988014383,106.2,6.56,135.93393209416,11.599106591857
2016-11-07,165.60347914055,38.962198996348,56.816929336495,107.34,117.59423316455,40.84375549340792,108.66,6.96,137.28139378978997,11.886450272911
2016-11-08,166.86204216688998,38.932874712106,56.720482333717,107.91,117.43740164578999,40.76423491809828,108.39,7.0,137.41114936048,11.905606518313999
2016-11-09,166.23763880498998,39.167468986043,60.414402540112,106.02,114.88888946584,39.909388733519776,107.86,6.94,140.06614796073998,11.503325364839
2016-11-10,170.03284048907,39.695306102401,61.726081777893,107.25,117.94710408177001,38.46807830603277,104.08,6.295,145.54582552295,10.986106738943
2016-11-11,170.81334469146003,39.235892315941,60.858058752891,110.01,116.81987754065001,39.173823411905715,103.68,6.685,144.74732970332,10.784966162205999
2016-11-14,168.69622704249,38.317064743022,60.73267764928001,110.01,114.92809734553002,37.54365161805834,102.42,6.79,142.6313157813,10.746653671398999
2016-11-15,169.99381527895,38.913325189278005,60.636230646502,111.59,113.69304913524999,38.299097083499795,103.66,6.97,164.02102254963,11.053153597856
2016-11-16,168.90110939562,39.050171849074005,59.353485509555,111.55,114.99671113498998,38.73646024770276,104.08,7.67,162.673560854,10.871169266522
2016-11-17,169.64737323575,39.480261351292,59.507800714,113.6,116.02591797688999,39.70064722333201,105.81,8.46,166.00728090096,10.947794248136
2016-11-18,169.83393919578,38.94264947352,58.369726081219994,113.41,116.08472979643,38.15993607670796,105.02,8.71,162.26433174643998,10.919059880031
2016-11-21,168.41996560396,38.864451382207996,58.273279078442,115.81,117.30997603678999,38.19969636436277,105.65,8.94,166.58619037019,11.062731720557
2016-11-22,168.80291678508001,37.241840987478,56.83621873705,111.02,117.11393663833,36.94724730323612,105.21,8.69,169.96981640587,10.928638002732
2016-11-23,169.13677166092,38.102019991913,58.041806271774995,112.85,117.44720361571001,37.03670795045945,104.21,8.8,170.71840623677,10.86159114382
2016-11-25,170.35436003166,38.277965697365,58.360081380942,113.67,118.34898484861,36.996947662804644,105.02,8.77,170.53874467735,11.139356702172
2016-11-28,169.38225318728,37.867425717976,57.34738785177301,112.22,118.36858878846,37.146048741510185,104.5,8.83,170.44891389764,11.436278505927
2016-11-29,169.64737323575,37.857650956562,59.401709010944,112.09,118.54502424706999,37.722572912505,104.95,8.93,169.48073771634,11.378809769716
2016-11-30,168.63598934715,37.212516703235,58.639777688998,112.24,117.06492678872,36.390603276068724,102.81,8.91,169.40088813438,10.966950493539999
2016-12-01,169.50990358099,36.753102916776,57.058046843438994,107.39,115.32997811237,35.36677586895725,99.51,8.39,170.4389326999,10.564669340065
2016-12-02,169.3135183599,37.046345759197,57.31845375094,108.87,114.96730522523,35.495996803835396,99.73,8.53,169.82009843968999,10.708341180592
2016-12-05,168.5181582145,37.564408114141,58.697645890664994,109.95,115.38878993191003,36.26138234119057,101.95,8.68,170.20936515176,10.86159114382
2016-12-06,168.69490491348,37.554633352726995,59.430643111777,112.94,116.06512585658999,36.480063923292064,101.55,9.45,172.98413812496997,10.852013021118
2016-12-07,172.86809086156998,37.613281921211,57.858556966496,116.65,119.16254835221001,37.22556931681982,103.36,9.56,176.44761374261,11.12977857947
2016-12-08,172.70116342365003,37.808777149492,58.736224691776,118.08,119.3291818409,37.1659288853376,103.5,10.34,176.18810260123,11.340497278908998
2016-12-09,175.26399055883,38.317064743022,59.353485509555,116.92,120.86809111878999,36.56952457051538,104.31,10.34,175.24987001317,11.417122260523
2016-12-12,176.39320558008,38.317064743022,59.835720523445,119.06,121.16215021647,36.94724730323612,105.16,10.68,172.67472099486,11.503325364839
2016-12-13,175.59784543468,38.551659016958,59.787497022055994,118.66,122.91670283266001,37.09634838194168,106.15,10.54,171.54684564963,11.675731573471
2016-12-14,173.40815021956,37.945623809288,59.478866613166,119.2,121.20135809616,36.519824210946865,105.81,10.55,171.1875225308,11.436278505927
2016-12-15,172.83863307841,38.053146184843,59.81643112288901,118.67,122.08353538921999,36.768326008789465,105.1,10.86,172.5948714129,11.302184788102
2016-12-16,174.24278740917998,37.241840987478,60.009325128445,117.54,120.56423005118,36.251442269276865,103.55,10.66,171.58677044062,11.254294174593001
2016-12-19,174.93995494403998,37.476435261414,60.009325128445,116.77,121.20135809616,36.41048341989613,105.29,10.95,173.49317920998,11.340497278908998
2016-12-20,175.42109873569999,37.329813840204004,59.951456926778,113.1,121.64244674269,36.609284858170206,105.77,11.51,175.29977600189,11.436278505927
2016-12-21,175.2050749925,37.378687647274,59.266683207054996,113.56,115.56522539052,36.67886536156613,105.51,11.47,173.24364926635,11.474590996734
2016-12-22,175.96115809369,37.427561454344,59.469221912888,111.55,115.45740372136999,36.221622053535754,104.72,11.6,170.12843869802,11.283028542698
2016-12-23,175.51929134624,37.554633352726995,60.125061531778,112.38,115.15354265376001,36.281262485017976,105.02,11.58,170.62767116088997,11.235137929189
2016-12-27,175.68621878416,37.730579058179,60.279376736223,113.74,115.22215644321999,36.311082700759094,104.98,12.07,171.57621284035,11.359653524313
2016-12-28,174.8614008556,37.359138124446,60.057548629834,112.78,114.30077127047,36.211681981622064,103.77,11.55,170.15839264578997,11.148934824872999
2016-12-29,175.18543647039,37.447110977171995,60.501204842612,113.58,114.69285006738998,36.26138234119057,103.68,11.59,170.01860755618,11.206403561084
2016-12-30,175.34254464726,37.544858591313,60.395113139557,112.68,114.81047370646002,35.89359968038355,102.95,11.34,168.86038824232,11.12977857947
2017-01-03,174.83194307244,38.170443321811,60.192574433723,112.36,114.15374172163,36.42042349180983,103.48,11.43,170.33811633242,11.168091070276999
2017-01-04,175.0970631209,38.473460925646,61.041308058169,115.74,114.42819687946998,37.13610866959649,104.14,11.43,171.73596722847,11.072309843259001
2017-01-05,174.49808819659,38.805802813723,61.504253671503,114.81,112.71285214297,37.71263284059129,105.91,11.24,171.61615143738,10.928638002732
2017-01-06,175.00868977142,39.861477046439,61.523543072059,115.42,113.99691020286001,37.68281262485018,108.3,11.32,169.36960535445,11.321341033506
2017-01-09,174.0660407102,39.822378000783,61.92862048372599,117.11,112.72265411289,37.4740711146624,108.57,11.49,169.26975886187,11.043575475153999
2017-01-10,173.38851169744999,40.359989878555005,61.793594679837,112.24,112.78146593243,38.14999600479426,108.26,11.44,169.65916018292,10.852013021118
2017-01-11,174.67483489557,40.413751066332004,59.584958316222,111.27,113.82047474424999,38.96508190171794,108.99,11.2,173.16377207229,11.273450419997001
2017-01-12,174.23296814812,40.059589664583,59.721397540368,112.37,113.48720776687,38.895501398322025,108.59,10.76,174.20217559506,11.091466088663001
2017-01-13,174.18387184285,40.266183815603,60.413339319963995,115.67,114.63403824785,38.71658010387536,108.53,10.58,174.5216843713,11.225559806487999
2017-01-17,174.05622144913997,40.236670365457,60.286645754686006,114.02,113.73225701493999,38.71658010387536,108.0,9.82,172.73443215422,11.407544137822
2017-01-18,175.26399055883,40.098940931444,60.091732577334994,113.27,113.65384125556001,38.8458010387535,108.79,9.88,173.71292778145,11.426700383225
2017-01-19,175.45055651886003,39.744779529694,59.818854129043,112.21,113.21275260903,38.62711945665202,109.79,9.77,171.45639704926,11.235137929189
2017-01-20,175.26399055883,39.803806429985,59.594703975089,111.84,112.79126790235,38.73646024770276,110.71,9.75,171.2367347656,10.928638002732
2017-01-23,175.28362908094,39.685752629401996,59.409536456606,111.57,112.54621865428001,38.299097083499795,110.97,9.91,167.52244524181998,10.746653671398999
2017-01-24,172.78953677314,39.656239179256,59.039201419639,112.3,114.17334566147,38.86568118258091,113.72,10.44,168.03166235395,10.890325511925
2017-01-25,173.53580061327,39.656239179256,59.818854129043,114.82,115.24176038306999,39.32292449061127,114.25,10.35,167.24287506261,10.890325511925
2017-01-26,173.62417396275,40.295697265749,59.711651881499996,106.09,113.63423731571999,39.23346384338794,112.88,10.52,165.24594521111,10.746653671398999
2017-01-27,174.27224519233997,40.335048532609996,58.473953205320996,108.85,113.06572306019,39.37262485017979,113.99,10.67,164.11767984501998,10.919059880031
2017-01-30,172.24947741514998,40.344886349325,58.89301653662599,106.15,112.35998122574,39.37262485017979,113.82,10.61,164.37728072571002,10.852013021118
2017-01-31,171.66032175189,41.092560419685995,59.555721339619,106.37,111.61503151161001,39.969029165002,113.38,10.37,163.98787940467,11.074668060801999
2017-02-01,172.00399588878997,41.643478155741,59.341316844533004,105.59,110.9681014967,40.227471034758295,113.36,12.06,160.3434824257,10.881054982816
2017-02-02,171.03188904441,42.056666457782995,59.341316844533004,104.1,111.38958620338,40.227471034758295,113.16,12.28,162.09079604575,10.958500214011
2017-02-03,171.87634549508,42.086179907928,59.126912349447004,104.96,112.22275364682,39.77022772672792,115.17,12.24,162.50016666531,11.006903483507
2017-02-06,171.93526106141002,41.741856322894,59.107421031712,110.5,111.91889257921999,39.94914902117459,114.46,13.63,160.02397364946,10.929458252313001
2017-02-07,172.58333229099,42.194395891796,59.019710101904,109.94,113.62443534578999,39.809988014382746,114.96,13.29,158.93564688038998,11.064987406903
2017-02-08,173.86965548911,41.712342872747996,58.980727466434004,108.73,113.14413881956999,38.95514182980424,116.13,13.56,162.4801973668,11.219877869291999
2017-02-09,174.95959346613998,41.850072306762,59.292588550195,108.45,114.66344415761999,39.49190571314423,116.44,13.42,164.57697371086002,11.1037100225
2017-02-10,175.7647728726,42.046828641067,58.883270877758,108.64,115.27116629283,46.946959648421895,116.85,13.58,163.79817106878,11.239239177089999
2017-02-13,177.74826360557,42.5190438434,58.970981807566005,107.38,116.2415613152,45.426128645625255,117.65,13.49,162.14071929204,11.307003754384999
2017-02-14,178.31778074673,42.942069962157,59.273097232459996,108.96,117.62363907432,44.710443467838594,117.58,13.26,164.11767984501998,11.123071330299
2017-02-15,179.56973653115003,43.286393547191,60.081986918466995,110.62,117.55502528486,45.207447063523766,118.73,13.3,163.6284320314,11.190835907593998
2017-02-16,181.25968837193,43.483149881497,59.916310717719,114.25,118.32938090876999,45.11798641630045,118.93,12.97,160.742868396,11.277961792688
2017-02-17,180.80508144400002,43.965202900544995,60.198934824877995,116.57,118.82928137483,45.05834598481822,119.67,13.13,161.33196270219,11.094029368601001
2017-02-21,181.22015733472,44.280013035433996,60.257408778083,117.81,119.68205275812001,45.06828605673193,119.63,14.0,160.90262278411998,11.403810293378001
2017-02-22,183.85885406855,44.280013035433996,59.799362811308,117.0,119.78987442727,44.95894526568118,119.47,14.28,159.43487934326998,11.229558523190999
2017-02-23,184.99537138837,44.663687887329,60.364611025626004,116.89,120.05452761519,44.80984418697563,118.83,14.32,157.4778880888,11.374768331681
2017-02-24,185.21279209303,44.939146755357,60.510795908639004,117.14,120.98571475786001,45.2770275669197,119.31,14.12,157.08848676776,11.549020101868
2017-02-27,184.71865412788998,44.722714787621,60.637489473918,117.94,120.35838868280001,45.41618857371154,118.78,15.2,156.69908544671998,10.784248443823
2017-02-28,184.16521960694,44.348877752441,60.267154436950996,117.97,120.07413155504,44.85954454654415,118.34,14.46,156.36959202122,11.152113291997
2017-03-01,187.63406812221,44.850606404919006,61.231974664838,121.29,121.61304083291999,46.85749900119857,120.35,14.96,156.43948456603002,10.987542175708
2017-03-02,187.66371640011002,44.948984572072,61.641292337276,120.05,121.88749599076,46.4002556931682,119.9,13.9,157.11844071553003,11.258600484889
2017-03-03,187.09051636055,44.5161206366,61.729003267083996,120.73,121.19155612623999,46.787918497802636,120.04,13.03,155.11152621478,11.181155253695
2017-03-06,186.68532322913998,44.398066836017,61.933662103302005,119.79,120.79947732933,47.523483819416704,120.15,13.04,154.01321479646,11.152113291997
2017-03-07,186.87309565589,44.270175218718,62.07010132744799,120.03,121.68165462238001,47.77198561725929,119.98,13.05,151.75668406427,10.968180867910002
2017-03-08,187.28817154661,44.624336620468,62.508655976488,120.13,121.99531765991999,48.288869356771876,119.6,13.22,154.97174112518,10.716483866528
2017-03-09,187.67359915942,44.889957671779996,62.85949969572,120.17,120.74066550978998,48.72623252097485,119.91,13.33,154.91183322963002,10.706803212629
2017-03-10,188.96824062808,44.978498022218,64.204400619442,121.21,121.475813254,48.90515381542149,121.09,13.91,153.73364461725,10.793929097722001
2017-03-13,189.27460616646,44.791579504628,64.17516364284,121.69,121.58363492316002,49.20335597283261,121.8,14.28,154.11306128904,10.668080597031
2017-03-14,188.09855780944,44.073418884413,63.999741783224,120.53,121.45620931416,48.78587295245707,121.44,14.1,153.47404373656,10.648719289233
2017-03-15,188.95835786878,44.584985353606996,64.857359763568,122.97,122.32858463728998,48.92503395924891,122.11,13.98,152.68525644522,10.948819560111
2017-03-16,188.07879229083,44.250499585288,64.223891937177,122.91,121.64244674269,48.805753096284455,122.35,13.65,153.17450425883,10.939138906212001
2017-03-17,190.1047579479,44.457093736309005,64.019233100959,123.97,122.74026737405,48.835573312025566,127.01,13.49,152.16605468383003,11.094029368601001
2017-03-20,190.74713730258,44.250499585288,64.126435348502,123.59,121.92670387046002,48.66659208949261,126.31,14.4,152.20599328086,10.842332367218999
2017-03-21,189.87745448393002,44.073418884413,63.687880699462006,122.27,122.17175311853,47.93102676787855,125.07,13.82,150.98786607145001,10.939138906212001
2017-03-22,189.96639931766003,44.08325670112799,63.85355690021,123.47,123.97531558433,48.388270075908906,126.21,14.1,151.09769721328001,10.793929097722001
2017-03-23,189.88733724323998,44.043905434266996,63.98025046548899,123.75,118.36858878846,48.48767079504596,126.87,13.79,150.60825534354998,10.822971059419999
2017-03-24,189.26472340716,44.004554167406,63.951013488886005,124.89,116.62383814219,48.82563324011186,127.7,13.7,149.55945133698,10.871374328917
2017-03-27,188.19738540246001,43.97504071726,64.418805114528,125.26,117.02571890903,49.00455453455854,128.25,13.7,147.63164968680002,10.774567789924
2017-03-28,188.75081992341998,43.97504071726,64.301857208118,125.05,118.94690501391001,49.76,128.69,13.69,148.19101182364,10.948819560111
2017-03-29,188.44445438503,43.945527267114,64.097198371899,124.88,118.58423212676,50.14,129.58,13.71,149.49951967946,10.890735636715
2017-03-30,189.0374199432,43.827473466531,63.79508294700499,125.0,118.13334151031,50.19,129.61,14.05,148.50065872081998,10.726164520427
2017-03-31,189.08683373971002,43.689744032517005,63.502713180978006,125.2,117.50601543524999,49.86,130.13,14.55,148.09112572778,10.822971059419999
2017-04-03,188.48398542223998,43.748770932809,63.376019615699995,125.05,115.31037417253,49.53,129.59,14.64,145.33426948193002,10.83265171332
2017-04-04,187.96019917919998,43.463474248066,63.453984886640995,124.08,115.70245296943999,49.04,130.04,14.16,142.87707152368,10.910096944514
2017-04-05,188.00961297570998,43.089637212886,63.307800003627,123.4,115.31037417253,49.2,129.89,14.17,142.57741323609,10.803609751622
2017-04-06,187.66371640011002,42.961745595587,63.424747910038,125.54,114.49681066893,49.36,130.15,13.27,142.39761826353998,10.803609751622
2017-04-07,187.76254399313999,43.119150663031995,63.873048217945005,125.49,115.11433477407,49.61,130.22,13.52,141.88819917463002,10.687441904830001
2017-04-10,187.48582673266998,42.883043061865,63.317545662495,125.16,115.50641357098,49.04,130.16,13.1,142.67729933196,10.793929097722001
2017-04-11,187.84160606756,43.133907388105,63.171360779482,125.87,114.96730522523,49.08,129.95,13.1,143.29659312631,10.948819560111
2017-04-12,187.47594397336002,43.034931005846005,63.358374779919004,125.48,114.47209801802,48.64,129.38,12.76,141.57855227745,11.006903483507
2017-04-13,186.43825424656998,42.233222309555,63.12214656884,124.61,113.75899963963998,48.42,129.05,12.31,140.72952046261003,10.997222829607999
2017-04-17,188.12820608733998,42.866671156008,63.299317727150004,120.73,114.61075603603999,48.8,129.99,12.79,140.67957741468,11.064987406903
2017-04-18,187.98984745711002,42.985442814717,62.649690146681,121.17,115.12577153152999,49.17,129.81,12.95,140.74949768178,11.045626099103998
2017-04-19,187.6044198443,43.14380502632999,62.452833304114996,123.12,115.82896576577,49.35,130.22,12.84,142.25777772933,11.006903483507
2017-04-20,188.91882683157,43.529812917137,62.777647094349,125.21,118.06730234233999,49.95,131.42,13.11,146.39306209808998,11.055306753004
2017-04-21,189.25484064786,43.084419196976,62.817018462861995,125.03,118.08711063063,49.87,131.52,13.0,146.67274316651,11.016584137406001
2017-04-24,191.95283393751,43.678277490525,63.643817201640005,129.25,118.2158645045,50.88,132.89,13.13,146.93244701576,11.219877869291999
2017-04-25,192.84228227476,43.312064876169,64.086745097414,129.16,117.55228684685,51.36,133.49,13.49,145.51406445448998,11.239239177089999
2017-04-26,192.71380640383,43.351655429073,64.017845202516,130.08,117.83950702703001,51.36,132.79,13.41,145.61395055035,11.084348714701
2017-04-27,193.81079268643,43.203190855684994,65.03165794173199,130.92,119.33503279278999,51.91,133.38,13.63,143.02690066748002,11.045626099103998
2017-04-28,193.53407542595002,43.193293217459996,64.903700994064,130.32,120.13726846847,52.25,133.74,13.3,141.97809666091,11.065193195825
2017-05-01,192.52603397707,43.034931005846005,65.435214468992,133.57,120.08774774775,52.7,135.11,13.615,140.3699305175,11.065193195825
2017-05-02,194.22586857715,43.153702664556,65.582857100917,134.28,119.52321153153,53.04,135.0,10.3,142.38762965395,11.055409647465
2017-05-03,195.31297210044997,43.272474323266,65.69112836432801,129.89,119.14685405405001,52.84,134.85,10.39,142.65732211278,10.947790615497999
2017-05-04,197.17093084937,44.133568848912,66.173427628616,130.81,119.66186954955,53.1,134.61,10.1,144.64505542047,10.849955131893001
2017-05-05,197.06222049704,44.183057040041,65.93719941753601,133.03,120.35515963964,53.83,134.84,10.19,144.81486178344,11.074976744186001
2017-05-08,196.32101354933,44.222647592944,65.169457731528,130.78,119.94908972972999,53.99,135.0675,10.04,146.80259509113,11.065193195825
2017-05-09,195.63910315744,44.212749954719,65.130086363015,130.88,119.90947315315,54.62,135.59,10.18,145.95356327629,11.094543840906999
2017-05-10,194.33457892948002,44.04449010488,64.943072362577,131.8,120.03822702703,55.99,136.15,10.79,145.99351771463998,11.319565453201001
2017-05-11,194.44328928181,43.411041258427,64.27375909785201,130.85,119.64206126126001,55.75,136.29,11.07,145.78375691332,11.221729969595001
2017-05-12,194.26539961436,43.510017640685994,65.021815099604,131.42,119.80052756757,56.01,136.84,11.26,144.85481622179,11.084760292547
2017-05-15,195.31297210044997,43.589198746492,65.62222846943001,134.51,121.07816216216001,56.41,137.6,11.42,145.68387081746,11.153245131071
2017-05-16,195.58968936093,43.242781408589,65.79939962774,133.84,121.95963099099,56.78,138.03,12.75,145.08455424228,11.074976744186001
2017-05-17,193.71690647306,42.639025476814,64.34265899275,130.54,119.28551207206999,54.25,134.37,11.2,144.39534018081002,11.084760292547
2017-05-18,194.11460079963,42.540049094556,64.59857288808601,133.24,119.2458954955,55.15,134.54,11.28,148.34084096744,10.938007067137999
2017-05-19,194.67137285682998,42.71820658262,64.549358677445,134.43,119.82033585586001,55.88,136.43,11.4,151.29746940501002,10.957574163859
2017-05-22,197.36575191935,43.282371961492004,64.411558887648,135.8,121.53375279279,57.12,138.85,11.035,147.20213947458998,11.114110937628
2017-05-23,196.59024798253998,43.232883770362996,64.805272572781,134.74,120.97912072071999,57.8,139.52,10.89,140.49978244212,11.123894485989
2017-05-24,196.35163138659001,43.084419196976,64.89385815193499,134.9,120.78103783783999,58.51,141.12,10.89,132.86848471812002,11.495669323691
2017-05-25,198.38981481027,43.500120002459994,65.277728994939,135.88,121.92001441441002,59.22,142.85,10.98,131.81968071155,11.525019968773
2017-05-26,199.51330128284,44.252340507622,65.021815099604,138.59,121.71202738738998,58.28,141.89,11.0,134.00718621097,11.534803517133998
2017-05-30,201.27309867792,44.539372016170006,64.98244373109,139.72,122.58359207206999,58.58,142.41,11.12,132.83851888936002,11.446751581888002
2017-05-31,203.29139738527002,45.192616139074,64.98244373109,137.43,123.27688216216002,58.58,141.86,11.1801,133.47778990289,11.427184485167
2017-06-01,203.1720890873,45.62811222101,65.661599837944,141.0,124.08902198198,59.56,141.38,10.93,136.94383742937,11.691340290903002
2017-06-02,205.50854325590998,46.024017750043,66.193113312872,141.55,124.53470846847,59.65,143.48,10.9,137.64304010042,11.652206097460999
2017-06-05,205.03131006402,46.142789408753,66.449027208208,141.81,125.36665657658001,59.8,143.59,11.24,135.41558016265,11.456535130249
2017-06-06,204.22597905271,45.885450814881,66.803369524827,142.15,125.11905297297,59.85,143.03,12.02,131.15044386927,11.652206097460999
2017-06-07,203.82828472614,46.083403579398,67.669539632118,142.06,125.33694414413999,60.54,143.62,12.38,130.47121841739,11.319565453201001
2017-06-08,204.75292403542,46.241765791011,67.67938247424699,142.84,124.96058666667,60.54,142.63,12.9,125.77657191178999,11.30978190484
2017-06-09,205.73721749368,46.805931169882,68.575081107923,141.23,124.61394162161999,58.03,138.05,12.28,128.21379265087,11.466318678610001
2017-06-12,206.19456596924,46.687159511172,68.437281318126,139.97,125.08934054054,56.76,137.25,12.085,130.80084253374,11.495669323691
2017-06-13,207.9046515735,46.974191019721005,68.575081107923,140.65,125.85195963963999,57.9,139.09,11.96,131.48006798562,11.671773194182
2017-06-14,208.79946380829,47.152348507785995,69.411722688829,142.3,126.03023423423001,58.45,138.25,11.76,130.44125258863002,11.652206097460999
2017-06-15,210.07208565331,47.627435142624996,69.49046542585499,142.88,125.81234306306001,58.91,137.52,11.5,131.00061472547,11.661989645820999
2017-06-16,212.01084549535,47.716513886657,69.933393321629,143.39,126.3372627027,58.8,137.84,11.44,130.01174237642,11.661989645820999
2017-06-19,212.13015379332,48.389553286013005,70.21883574335,145.94,126.54524972973,60.32,140.35,11.93,129.45238023958,11.652206097460999
2017-06-20,212.13015379332,48.270781627303,70.10072163781,144.46,125.31713585586,60.15,140.91,12.64,123.43923726857,11.6424225491
2017-06-21,211.63303588511002,48.072828862787,70.21883574335,145.5,125.89157621622,60.68,144.24,13.98,120.03312139962,11.417400936807
2017-06-22,210.99672496258998,48.765663538594,72.02991869495901,144.73,120.90979171171001,61.16,143.7,14.3708,120.62274375933,11.319565453201001
2017-06-23,211.67280531777,48.577608412303,71.49840522003001,144.49,121.56346522523,60.38,145.41,14.15,119.66335822488001,11.30978190484
2017-06-26,211.384476931,48.409348562464,71.596833641313,142.78,121.16729945946001,60.22,144.96,14.08,121.71204608491999,11.427184485167
2017-06-27,208.57078957051002,48.17180524504501,71.25233416682299,140.47,121.01873729729999,58.29,142.54,13.395,121.88193727331002,11.251080614677
2017-06-28,209.40594765631002,47.983750118753996,71.774004799623,142.41,122.55387963963999,58.81,143.81,13.23,116.63529763174999,11.084760292547
2017-06-29,206.65191444479998,48.231191074399995,71.340919745977,140.24,121.81106882883002,57.58,141.24,12.6,115.97572007681002,10.918439970417
2017-06-30,206.98995462238,48.11241941569,71.370448272362,143.3,122.49445477476999,57.57,141.44,12.48,116.51537443993999,10.869522228613999
2017-07-03,208.62050136132999,48.211395797948,71.281862693207,142.29,122.74205837838001,56.26,138.41,12.15,118.33420951568,10.771686745008
2017-07-05,208.55090485418,48.498427306497,71.340919745977,142.38,122.86090810811001,57.16,141.21,13.19,105.1426584169,10.63471706796
2017-07-06,206.82093453358996,47.44927765455999,70.602706586354,139.96,121.76154810811,56.6399,140.83,13.02,103.09397055685999,10.448829649108
2017-07-07,208.38188476538997,47.944159565851,70.897991850203,142.05,123.01937441441002,58.09,142.22,13.36,101.86475784084,10.527098035993001
2017-07-10,209.27669700016997,47.736309163109,70.70113500763699,141.15,122.87081225225,58.51,143.34,13.81,101.10524429271999,10.703201906483999
2017-07-11,208.45148127253998,47.657128057301996,70.710977849766,142.06,122.66282522523001,57.98,142.93,13.89,100.18583315554001,10.693418358123
2017-07-12,210.08202801148,48.196549340608996,71.380291114491,144.08,124.26729657658001,61.02,145.91,14.29,100.87539150843,10.859738680253
2017-07-13,209.87323849003002,47.848236471123,72.125077123615,142.99,124.52480432431999,60.5,145.06,13.53,103.15393215275999,10.781470293368
2017-07-14,210.5493188452,48.67423556161899,72.601740169455,145.07,125.48550630631,60.75,146.16,13.92,101.97468743333,10.791253841729
2017-07-17,210.45983762172,48.524958617553,72.194590484467,144.04,125.20819027027001,60.5,146.4,13.8,101.67487945381001,10.879305776974
2017-07-18,210.09197036964,48.505055025010996,71.727857918749,144.34,126.14908396396002,61.33,147.89,13.48,100.23580115212,10.996708357301
2017-07-19,210.87741666461997,49.191728967713004,72.264103845318,144.55,126.55515387387,61.33,148.92,13.55,100.80543631321,11.074976744186001
2017-07-20,211.22539920037,50.604884038198996,73.495483380404,144.3,127.30786882883001,61.08,149.94,13.8,103.16392575208,11.123894485989
2017-07-21,209.94283499718003,50.59493224192799,74.111173147947,144.1,127.61489729729999,60.93,149.52,13.88,105.20262001280001,11.172812227792
2017-07-24,208.78952145012002,50.555125056844,73.39617857918701,147.3,126.78294918918999,61.44,149.53,14.16,103.10396415618,11.074976744186001
2017-07-25,198.24067943781003,50.584980445656996,72.015841842277,148.3,127.71393873873998,60.95,148.21,14.11,105.22260721144,10.996708357301
2017-07-26,197.88275454389,50.157053206003,72.085355203128,145.08,128.26857081081002,62.64,149.78,14.76,106.63170471517,10.918439970417
2017-07-27,198.89687507665002,49.868451114143,71.231333912666,142.97,126.93151135135,61.17,146.2,14.12,110.26937486665001,10.859738680253
2017-07-28,198.56877725722998,49.370861300591,69.950301976972,146.25,127.16921081081001,61.45,146.73,13.95,110.13945807553002,10.742336099926
2017-07-31,200.01041919105,48.942934060937006,69.42398653052399,148.09,127.58518486486,61.81,146.49,13.61,111.93830595263,10.938007067137999
2017-08-01,202.00883318207002,48.913078672124,69.890719096242,146.78,128.61521585586001,62.4,147.36,13.71,113.97700021336,11.074976744186001
2017-08-02,204.22597905271,48.992693042292004,70.218424940256,146.44,127.38710198198,61.45,147.13,13.37,114.406724984,10.926651162791
2017-08-03,206.42324020702,48.923030468395005,70.496478383663,147.89,128.77368216216001,63.97,147.79,13.24,110.45925325368,10.995869767442
2017-08-04,206.45306728151002,49.022548431105,70.496478383663,151.01,128.95195675676,62.01,147.71,13.12,110.93894602091001,10.95631627907
2017-08-07,206.24427776006002,49.062355616189,70.724879426461,153.35,128.43694126126002,,,13.43,109.41991892469,10.976093023255999
2017-08-08,205.24009958547,48.644380172805995,70.97314142950201,155.87,127.89221333333,61.33,147.81,13.11,109.31998293151,11.252967441860001
2017-08-09,205.28981137628998,48.534910413823994,71.519317836194,155.85,128.37751639639998,61.38,148.35,12.83,109.11011734584999,11.124418604651
2017-08-10,205.04125242218004,47.828332878581,69.950301976972,150.01,127.01074450450001,60.21,144.92,12.12,106.06206955409,11.252967441860001
2017-08-11,204.79269346808,48.306019099591,70.138981099283,151.37,126.97112792793001,60.74,146.47,12.23,107.27129507146999,10.976093023255999
2017-08-14,206.17468125291,48.843416098226,70.327660221595,154.26,128.44684540541002,61.89,149.16,12.76,109.25002773629,10.985981395348999
2017-08-15,205.98577644779,48.58466939517999,69.850997175755,154.51,128.13981693693998,61.97,150.36,13.02,87.02426285470501,10.976093023255999
2017-08-16,206.72151095195,49.569897226012,69.930441016728,155.16,128.78358630631,62.89,151.8,12.63,91.451427352251,11.0552
2017-08-17,204.16632490373001,49.052403819918005,69.364403649794,153.7,126.36697513514,61.37,148.23,12.34,92.790569660764,10.887097674419
2017-08-18,202.35681571781998,48.505055025010996,69.473638931132,152.14,126.21841297296999,62.01,147.97,12.376,93.200307232771,10.946427906977
2017-08-21,203.37093625057997,48.644380172805995,70.208494460135,153.32,126.9414154955,61.78,149.26,12.05,95.129071901003,11.104641860465
2017-08-22,204.27569084353001,49.470379263302,71.251194872909,154.99,128.07048792793,64.26,152.25,12.175,95.738681459356,11.223302325581
2017-08-23,202.67,49.400716689404,71.022793830111,152.9,127.12959423423,64.01,151.1,12.48,93.48012801365499,11.223302325581
2017-08-24,202.12,49.141969986357005,71.608692157289,148.93,127.4366227027,63.43,150.81,12.505,93.04040964369499,11.272744186047001
2017-08-25,202.13,49.112114597544,71.97611992179,147.67,128.14972108108,62.58,151.45,12.425,95.738681459356,11.302409302326
2017-08-28,202.46,50.017728058208,72.81028025201,147.9,128.00115891892,62.75,151.79,12.23,94.599411137188,11.065088372093001
2017-08-29,202.92,49.908258299227,73.376317618944,145.39,128.41713297297,63.48,152.14,12.15,95.05911670578199,11.045311627907
2017-08-30,203.69,49.868451114143,73.406109059309,147.48,128.54588684684998,65.68,153.67,12.67,96.74803499039899,10.936539534884
2017-08-31,204.32,50.694450204638,74.776515316098,150.8,129.50658882883002,65.56,155.16,13.0,97.83733731598,10.916762790698
2017-09-01,203.56,50.933293315143004,74.89568107755801,151.13,128.85291531532,65.12,155.06,13.19,97.99723490505698,10.995869767442
2017-09-05,200.98,50.784016371077996,74.72686291549,150.51,128.52607855856002,65.05,154.28,12.92,96.668086195861,10.966204651163
2017-09-06,202.05,50.943245111414,76.514349337389,151.61,129.86313801802,64.0,153.76,12.85,95.548803072328,10.985981395348999
2017-09-07,204.46,51.241798999545004,81.211466434934,153.85,132.95323099099,65.83,155.47,12.63,93.47013441433799,11.025534883721
2017-09-08,205.69,51.76924420191,84.74671735824501,156.9,132.4382154955,64.93,155.34,12.25,93.969814380201,11.084865116279
2017-09-11,209.56,52.197171441563995,86.39517705844,157.81,134.92415567568,66.16,156.87,12.55,94.339577554939,11.262855813953
2017-09-12,209.64,51.998135516143996,87.139963067565,157.91,134.91425153153,66.09,156.31,12.3,97.197746959676,11.114530232558
2017-09-13,209.49,51.749340609368,87.854957636324,158.46,133.48805477477,65.4,156.24,12.22,100.03592916578,11.104641860465
2017-09-14,211.43,51.440834924966005,88.59974364544901,158.87,133.56728792793,65.17,154.95,12.26,99.95598037124,11.134306976744002
2017-09-15,213.35,51.510497498863,86.76260482294201,158.58,134.05259099098998,65.0,154.49,12.52,99.446306806059,11.223302325581
2017-09-18,213.76,51.828954979536,84.726856398001,157.9,135.62734990991,64.2,155.77,13.08,98.516902069554,11.144195348836998
2017-09-19,213.56,51.162184629377,85.769556810776,157.1,135.39955459459,64.31,156.6,13.12,94.789289524216,11.203525581394999
2017-09-20,210.51,51.639870850387,86.802326743428,157.42,136.68709333333,65.0,149.96,13.76,94.689353531043,11.15408372093
2017-09-21,210.44,51.182088221919,86.802326743428,159.79,135.35003387387,64.11,149.3,13.41,93.68,11.005758139535
2017-09-22,210.76,52.256882219191,86.87184010428001,163.96,136.57814774775,63.9,148.5,13.3,95.59,10.985981395348999
2017-09-25,210.73,52.356400181900995,85.968166413209,160.31,136.8356554955,62.14,144.57,12.61,97.94,11.084865116279
2017-09-26,211.03,52.595243292405996,84.756647838366,160.61,135.52830846847,61.76,145.4,12.45,97.59,11.035423255813999
2017-09-27,209.48,51.898617553433,84.16081903106699,163.72,135.33022558558997,63.09,146.43,12.74,99.33,11.005758139535
2017-09-28,209.55,53.381435197817,88.341551162285,162.34,135.01329297297,63.54,146.83,12.74,99.5,10.95631627907
2017-09-29,209.9,53.102784902228,88.242246361069,168.6,133.77527495495002,64.49,149.18,12.75,99.2,10.896986046512001
2017-10-02,212.76,53.421242382901,89.761609819683,169.86,134.14172828828998,63.39,147.94,12.71,99.36,10.966204651163
2017-10-03,214.57,53.490904956799,89.076406691288,168.78,132.96313513514,63.45,148.6,13.42,98.98,11.065088372093001
2017-10-04,216.52,54.078060936789,89.27501629372101,171.8,133.86441225225,62.63,147.95,13.31,94.93,11.15408372093
2017-10-05,216.37,54.65526512050901,89.55306973712798,173.65,134.91425153153,63.09,150.25,13.34,94.33,11.163972093023
2017-10-06,216.52,54.734879490678,89.860914620899,174.88,134.94396396396002,63.25,151.12,13.23,94.29,11.065088372093001
2017-10-09,216.68,54.396518417462,90.14889854442801,174.0,135.67687063063,61.18,151.5,13.47,91.12,11.074976744186001
2017-10-10,216.75,55.132951341519004,90.536187269172,172.18,136.20179027027,61.45,152.15,13.7,91.84,11.124418604651
2017-10-11,216.51,54.1775788995,91.737775363893,172.66,135.59763747748002,61.36,153.65,13.88,89.4,11.144195348836998
2017-10-12,217.59,54.71,91.42,173.0,137.86568648648998,62.05,153.61,14.2,86.56,11.094753488372
2017-10-13,217.72,54.65,90.67,173.85,137.86568648648998,61.08,153.93,14.22,85.51,11.124418604651
2017-10-16,218.72,54.63,91.04,170.55,137.7567409009,61.48,150.46,14.26,86.01,11.144195348836998
2017-10-17,217.75,55.06,92.17,172.47,137.32095855856002,61.66,150.38,14.16,88.09,11.065088372093001
2017-10-18,218.27,55.77,96.04,172.95,137.42,61.5,153.0,14.07,87.81,11.005758139535
2017-10-19,219.24,56.0,96.48,172.21,138.62,61.99,171.73,13.95,86.92,11.163972093023
2017-10-20,221.32,56.32,96.1,174.62,139.49,62.63,175.64,13.81,86.78,11.005758139535
2017-10-23,221.55,56.08,94.51,176.0,139.33,61.46,172.16,14.1,85.91,11.005758139535
2017-10-24,234.65,55.38,91.69,176.71,138.91,62.73,171.58,14.25,84.25,10.867320930233
2017-10-25,237.92,55.5,91.79,171.37,141.22,61.81,171.83,12.33,83.33,10.778325581394999
2017-10-26,232.94,55.48,89.56,179.59,141.97,62.06,173.75,12.005,85.65,10.738772093023
2017-10-27,234.74,55.37,91.93,181.07,143.28,64.14,177.33,11.84,81.93,10.659665116279
2017-10-30,231.02,54.29,90.96,179.48,143.29,65.3,176.03,10.89,82.0,10.620111627906999
2017-10-31,230.19,54.23,90.25,192.92,142.36,65.49,175.16,10.985,81.74,10.63
2017-11-01,230.18,54.0,92.44,188.89,142.96,65.33,176.25,10.8,80.75,10.57
2017-11-02,232.23,54.37,91.02,190.05,143.43,65.45,180.94,10.85,81.69,10.79
2017-11-03,232.22,55.47,92.31,194.9,144.04,63.2,182.3,11.12,81.8,10.49
2017-11-06,230.31,,,196.55,143.93,60.87,180.8,11.93,80.71,10.35
2017-11-07,230.05,55.16,93.96,197.21,143.5,60.96,180.88,12.05,79.38,10.51
2017-11-09,228.39,55.45,95.89,195.54,143.83,63.31,181.92,11.12,80.45,10.3
2017-11-10,,54.8,95.43,195.21,143.89,63.0,181.72,11.26,81.22,10.23
2017-11-13,,55.3,95.12,195.13,143.92,63.62,181.85,11.09,82.28,10.82
2017-11-14,,55.01,94.75,193.75,144.96,64.03,181.32,11.12,95.72,10.84
2017-11-15,227.4,54.83,93.76,193.11,144.26,62.89,180.08,11.07,91.58,10.87
2017-11-16,,55.54,94.47,194.91,147.04,64.13,182.3,11.25,90.5,10.77
2017-11-17,229.36,55.56,93.61,194.32,145.45,64.1,182.24,11.38,89.27,10.61
2017-11-20,231.49,55.29,93.6,195.59,146.57,63.93,182.34,11.34,91.43,10.6
2017-11-21,234.09,56.12,94.68,199.58,148.01,64.5,184.15,11.4,88.93,10.63
2017-11-22,,55.8,94.47,198.86,147.11,65.14,182.9,11.37,89.62,10.68
2017-11-24,,56.13,94.72,199.74,147.63,66.03,184.46,11.38,89.23,10.69
2017-11-27,234.0,56.15,95.42,198.45,147.5,65.74,185.0,11.55,89.87,10.74
2017-11-28,235.63,56.02,95.42,197.33,148.04,65.97,185.4,11.17,92.84,10.57
2017-11-29,,55.58,95.82,194.15,146.95,62.01,176.85,10.825,99.95,10.61
2017-11-30,,56.37,96.92,194.84,148.01,62.4,181.47,10.89,101.0,10.58
2017-12-01,,55.98,96.32,194.6,146.57,61.96,179.52,10.7201,99.28,10.67
2017-12-04,,54.71,95.22,189.57,147.15,58.6,168.44,10.03,104.02,10.77
2017-12-05,238.26,54.79,95.41,187.96,147.67,59.55,167.54,9.91,101.15,10.72
2017-12-06,,54.66,94.4,187.0,148.27,60.75,173.52,10.0,97.5,10.83
2017-12-07,,54.69,94.24,187.91,148.6,61.57,174.61,10.04,97.61,10.7
2017-12-08,,54.64,95.95,191.36,150.53,62.43,173.57,9.94,100.31,10.76
2017-12-11,,54.94,96.47,193.43,150.69,63.17,174.31,10.16,100.85,10.86
2017-12-12,,55.7,96.3,192.94,152.1,64.4,172.54,9.9,103.03,10.72
2017-12-13,,55.06,97.35,193.06,151.42,64.6,176.83,10.11,102.5,10.65
2017-12-14,,54.73,96.3,188.44,151.21,65.03,175.0,10.13,100.2,10.63
2017-12-15,,55.5,97.45,188.71,152.66,66.73,177.49,10.3,100.7,10.8
2017-12-18,,56.4,98.19,190.07,151.72,66.01,176.75,10.98,102.71,10.95
2017-12-19,,56.8,97.92,193.89,152.22,64.9,174.97,10.95,99.73,10.65
2017-12-20,,57.02,97.41,193.69,151.75,64.38,174.25,10.98,98.59,10.58
2017-12-21,,56.93,97.91,190.63,154.2,65.08,174.56,10.89,100.13,10.62
2017-12-22,,56.93,98.21,191.64,153.89,64.51,175.0,10.54,100.55,10.71
2017-12-26,,57.0,97.75,189.54,152.99,63.45,174.44,10.46,101.96,10.64
2017-12-27,,57.47,98.09,190.42,153.32,63.34,175.36,10.53,99.77,10.67
2017-12-28,,57.46,97.79,190.55,153.57,63.4,175.55,10.55,99.71,10.76
2017-12-29,,57.07,96.71,187.41,153.09,63.32,175.24,10.28,99.69,10.83
